outcome,estimate_bare,estimate_covars,estimate_full,r2_bare,r2_covars,r2_full,coef_movement,movement_share
corruption_index,0.1484133111519032,0.1382951693930513,0.1432651234600957,0.5080989210020777,0.5185512354272841,0.5213573527508146,-0.005148187691807499,-0.03468818027069184
z_o1_dup_share,-0.033202199196184265,-0.03767828502861119,-0.03949573479869126,0.7504568362726945,0.7518805325703525,0.75221275595364,-0.006293535602506992,0.18955176930660278
z_o2_photo_share,0.10896589091128346,0.11202812257294104,0.11799943385224214,0.31458382506291727,0.31779262344780423,0.32092493723973026,0.009033542940958678,0.08290248320287216
z_o3_excess_ghost,0.10594583185121205,0.11691735675102106,0.11314385362087565,0.6209528794783021,0.6238439315989153,0.6260520914337924,0.007198021769663596,0.06794058476762291
z_o4_dead_soul,0.054228896856049445,0.07082634487017303,0.07700148307071124,0.4929797081498106,0.5225693445192758,0.5238600083552325,0.022772586214661793,0.4199345281743717
z_o5_targeting,0.0024344837723541193,-0.014792989258561573,-0.004623797800926278,0.27156238110036224,0.2820748638890639,0.2873173601086534,-0.0070582815732803976,-2.8992929233843756
z_o6a_irregular,-0.02228385887568429,-0.03389369826347714,-0.038726126321539926,0.3569715757378149,0.3724159410051914,0.3729934393558677,-0.016442267445855637,0.7378554826425111
z_o6b_ghost_offtake_pc,0.05617435442272826,0.04790902016186409,0.05097671228271042,0.9279283177525169,0.9284582127873776,0.9285523431227142,-0.00519764214001784,-0.09252695813652045
z_o6d_subsidised_no_tx,-0.05098780433368466,-0.06397676722294796,-0.06822067332509962,0.540441476680632,0.548644291363384,0.5497008354557265,-0.017232868991414962,0.33798021343763207
